"","group","N","score_mean","score_median","sd","se","ci"
"1","Group1",250,49.4587687995171,42.745865787963,25.2797528737593,1.59883195534533,3.14895848121413
"2","Group2",250,51.9435339658612,52.6995609708817,25.0632849871198,1.58514132410405,3.12199427824317
